title,url,published_at,fetched_at
エンジニア初学者に知ってほしい。プログラミングすることより大切な成長を加速させる4つの指針,https://qiita.com/masa20057/items/838bc1b59a84b16820a9,2026-03-17T02:56:17Z,2026-03-18T23:34:49
生成AIで古（いにしえ）のFORTRANコードに挑戦する,https://qiita.com/cometscome_phys/items/76a4d9dac74e70bceebb,2026-03-16T10:12:14Z,2026-03-18T23:34:49
Claude Codeで「Issue起票→並列開発→PR作成」を全自動化したら、開発速度が異次元になった,https://qiita.com/kazuki_ogawa/items/c05c3aed3bf8e46a7ddb,2026-03-15T08:03:27Z,2026-03-18T23:34:49
【前編】「バグが出ました。」それは報告？相談？ ― 意識の違いでシゴデキエンジニアに！！ ―,https://qiita.com/hitomin_poke/items/417b4d6f416fb188a30c,2026-03-18T03:30:10Z,2026-03-18T23:34:49
Claude Code 知らないと損する隠しコマンド・時短術 20選,https://qiita.com/miruky/items/48ede59ebe33b4b774ac,2026-03-16T04:00:11Z,2026-03-18T23:34:49
Oracle Exadata Cloud Service: Oracle Advanced Cluster File System (ACFS)  を設定してみてみた,https://qiita.com/shirok/items/d77db1a51bd2b56bf862,2026-03-17T21:51:47Z,2026-03-18T23:34:49
【Unity】演出スキップがつらすぎたので、ChainRacePattern という仕組みを作った,https://qiita.com/morishift/items/a2c5012d496312358323,2026-03-15T21:56:43Z,2026-03-18T23:34:49
【JAWS DAYS 2026】基礎こそ至高。歴戦の勇士が仕掛けた「入門」という名のプレゼンバトル,https://qiita.com/s_hiroi/items/5c6a9cfef9687d090484,2026-03-17T11:01:36Z,2026-03-18T23:34:49
vLLMを用いたモデル並列化手法の性能評価,https://qiita.com/kikasas/items/2f441869b5937d7cca4f,2026-03-18T01:14:20Z,2026-03-18T23:34:49
"【個人開発】最寄り駅から徒歩X分以内の物件を地図上に列挙できるアプリを作ってみた【React,TS,supabase,leaflet】",https://qiita.com/nu197ma/items/bc9aee9c5951e01ad13b,2026-03-15T08:00:12Z,2026-03-18T23:34:49
【AWS】おすすめのAWS認定取得順序と勉強方法について,https://qiita.com/coco_co/items/d3cb1dfc661f9e8ef6f5,2026-03-16T22:37:46Z,2026-03-18T23:34:49
コンテナ向けセキュリティプロファイル生成ツールの紹介,https://qiita.com/kikasas/items/58ebc0da27b2eb7040a7,2026-03-18T00:34:44Z,2026-03-18T23:34:49
なぜ「改善提案3件出す」はダメなのか？〜目標設定を「Why→What→How→Feedback」で考える〜,https://qiita.com/Nao52/items/5b62c8047de13585e881,2026-03-17T10:14:41Z,2026-03-18T23:34:49
"qperf をインストールして TCP, UDP レイテンシ(遅延)をマイクロ秒(μs)単位で測定してみてみた",https://qiita.com/shirok/items/7ee5cc026ef8227843ff,2026-03-15T23:56:42Z,2026-03-18T23:34:49
BIツールの進化先？！ DBを業務分析用のMCPサーバにしてBIを次世代にする,https://qiita.com/ssc-ksaitou/items/784cd48a88e4ab166f69,2026-03-17T09:30:33Z,2026-03-18T23:34:49
手書き・チェック・丸印も認識できる？OCI Generative AI の VLM で伝票を読ませてみた,https://qiita.com/engchina/items/7accb885f62d28b67a88,2026-03-17T13:13:41Z,2026-03-18T23:34:49
【AGI】Bcachefsの作者がAIの向こう側に行ってしまわれた,https://qiita.com/rana_kualu/items/81ba0007dcd4fa5ba557,2026-03-16T12:38:13Z,2026-03-18T23:34:49
【感想文】Qiita 週1投稿を1年間完走した感想,https://qiita.com/ryu-ki/items/03a8ca234f9461cac2e5,2026-03-16T09:39:43Z,2026-03-18T23:34:49
[小ネタ] 生成されたファイル類(package-lock.json など)がコンフリクトしたら真面目にマージしないで,https://qiita.com/ssc-ksaitou/items/667ef87273d3aa78bfae,2026-03-17T01:49:49Z,2026-03-18T23:34:49
30代薬剤師がIT転職して年収上がった,https://qiita.com/kentyo0813/items/f376db34bf06a4e8c0d0,2026-03-16T12:42:55Z,2026-03-18T23:34:49
「やりたいこと」がなくてもいい！ - Canから始めるエンジニアのキャリア戦略 -,https://qiita.com/prum_hitomi/items/67d68b074c45d10f0307,2026-03-16T03:41:03Z,2026-03-18T23:34:49
Angularのレンダリングを可視化するChrome拡張機能を作った,https://qiita.com/ksakae1216/items/2a11e8563f0284e883f7,2026-03-17T12:47:14Z,2026-03-18T23:34:49
GitHub Copilot CLI の公式ハンズオンやってみた (第0章/7章),https://qiita.com/chomado/items/6d26b6ffc11d163dfd71,2026-03-18T03:18:06Z,2026-03-18T23:34:49
OSコマンドの実行結果をOCI Log Analyticsで収集する,https://qiita.com/Western24/items/0304764b3ac648b539ce,2026-03-18T01:29:34Z,2026-03-18T23:34:49
Private LLMを使ってオンプレ版26aiのSELECT AIを外部サービス連携なしで動かしてみた,https://qiita.com/ssfujita/items/3fbb11d850f2de0d22c0,2026-03-17T00:18:07Z,2026-03-18T23:34:49
OACの新しいAI機能 「AIエージェント」,https://qiita.com/tyo38/items/20843ac719518119b342,2026-03-17T05:29:44Z,2026-03-18T23:34:49
ドローン空撮画像を洪水判定してみる - OCI 生成AIサービス / Cohere Embed 4 編,https://qiita.com/yuji-arakawa/items/17fdb0e4cb0dfe0b220a,2026-03-17T11:00:51Z,2026-03-18T23:34:49
Claude CodeでGoogle Slidesを更新したくて、GAS Web Appにたどり着いた話,https://qiita.com/ntaka329/items/b75554336471fd17fbe1,2026-03-18T00:31:03Z,2026-03-18T23:34:49
IBM BobとIBM API ConnectでAPIテスト自動化の仕組みを作ってみた,https://qiita.com/Shuma-Ito/items/d5d3ef6c4dca100e60e4,2026-03-17T01:34:38Z,2026-03-18T23:34:49
Oracle Autonomous AI Database MCP テスト用検証環境の構築手順（覚書）,https://qiita.com/jun110/items/6b8abdf200f3a38fd28d,2026-03-16T06:33:14Z,2026-03-18T23:34:49
